position,ref,alt,mg1655_position
227192,A,[G],227192
400763,AG,[A],400767
805411,AGTT,[A],806565
808692,T,[C],
809423,G,[A],
809642,A,[T],
811018,C,[T],
812610,A,[G],
814950,C,[T],
815265,T,[C],
815307,A,[G],
817638,C,[CA],
939610,GA,[G],931555
1257894,G,[GC],1249847
1717498,A,[AC],1710536
1855785,TC,[T],1848829
2106838,G,[A],2099881
2605573,A,[AC],2598626
2770754,G,[GCC],2763809
2862100,A,[AG],2855158
2862133,C,[T],
2862179,T,[C],
2862479,CG,[AA],
2862556,GCGGCCC,[CGGCCCG],
2862571,C,[G],
2862589,C,[T],
2862862,T,[TC],
3242601,C,[CGG],3238999
3744259,A,[AT],3740654
3744857,C,[T],
3745491,A,[C],
4299274,A,[ACG],4294403
